flight_id,altitude_ft,battery_drain_%,zone,timestamp
IND-FL-0000,136,62.07,Green,2026-02-14 19:07
IND-FL-0001,56,77.47,Green,2026-02-12 14:53
IND-FL-0002,231,15.45,Green,2026-02-11 01:44
IND-FL-0003,246,54.86,Yellow,2026-02-13 18:51
IND-FL-0004,414,73.2,Green,2026-02-16 22:38
IND-FL-0005,349,15.45,Green,2026-02-12 02:44
IND-FL-0006,251,61.79,Yellow,2026-02-17 14:31
IND-FL-0007,11,64.49,Yellow,2026-02-17 09:50
IND-FL-0008,184,72.48,Green,2026-02-15 15:39
IND-FL-0009,73,51.33,Green,2026-02-16 13:15
IND-FL-0010,439,64.72,Yellow,2026-02-11 18:32
IND-FL-0011,22,18.34,Red,2026-02-16 18:51
IND-FL-0012,208,42.95,Yellow,2026-02-17 02:02
IND-FL-0013,286,34.67,Yellow,2026-02-17 16:39
IND-FL-0014,376,20.63,Green,2026-02-13 19:48
IND-FL-0015,445,42.02,Green,2026-02-15 16:19
IND-FL-0016,200,19.88,Red,2026-02-16 00:54
IND-FL-0017,404,75.93,Green,2026-02-15 21:23
IND-FL-0018,80,15.37,Red,2026-02-14 16:00
IND-FL-0019,157,13.58,Green,2026-02-15 19:19
IND-FL-0020,142,22.72,Yellow,2026-02-10 23:28
IND-FL-0021,384,68.28,Green,2026-02-12 09:02
IND-FL-0022,185,45.62,Green,2026-02-16 01:59
IND-FL-0023,31,23.52,Green,2026-02-12 05:40
IND-FL-0024,256,54.77,Yellow,2026-02-17 08:31
IND-FL-0025,116,14.29,Yellow,2026-02-15 15:55
IND-FL-0026,319,70.69,Red,2026-02-17 06:17
IND-FL-0027,193,57.44,Red,2026-02-14 14:54
IND-FL-0028,160,40.69,Yellow,2026-02-13 05:30
IND-FL-0029,94,26.02,Green,2026-02-15 19:13
IND-FL-0030,246,47.48,Green,2026-02-16 11:21
IND-FL-0031,164,72.23,Red,2026-02-14 01:22
IND-FL-0032,99,13.47,Yellow,2026-02-15 06:57
IND-FL-0033,444,40.32,Green,2026-02-17 14:50
IND-FL-0034,207,54.79,Green,2026-02-17 01:06
IND-FL-0035,233,37.09,Green,2026-02-15 17:42
IND-FL-0036,15,51.31,Green,2026-02-16 13:11
IND-FL-0037,193,75.87,Red,2026-02-14 11:02
IND-FL-0038,132,51.39,Yellow,2026-02-13 01:54
IND-FL-0039,168,21.71,Yellow,2026-02-16 04:46
IND-FL-0040,260,23.79,Green,2026-02-12 14:13
IND-FL-0041,405,15.56,Yellow,2026-02-13 10:51
IND-FL-0042,244,45.7,Red,2026-02-17 14:00
IND-FL-0043,91,19.42,Green,2026-02-12 00:03
IND-FL-0044,334,65.35,Red,2026-02-11 13:19
IND-FL-0045,258,67.97,Green,2026-02-11 22:42
IND-FL-0046,362,74.5,Green,2026-02-15 02:04
IND-FL-0047,291,79.35,Green,2026-02-11 04:57
IND-FL-0048,75,43.89,Red,2026-02-15 15:06
IND-FL-0049,157,36.86,Green,2026-02-17 14:00
IND-FL-0050,406,69.37,Yellow,2026-02-14 10:10
IND-FL-0051,328,15.62,Green,2026-02-17 15:25
IND-FL-0052,422,27.51,Yellow,2026-02-12 09:40
IND-FL-0053,68,21.81,Green,2026-02-16 22:10
IND-FL-0054,183,19.94,Yellow,2026-02-16 23:46
IND-FL-0055,189,75.27,Green,2026-02-15 02:00
IND-FL-0056,200,76.82,Green,2026-02-10 22:36
IND-FL-0057,358,73.92,Red,2026-02-11 12:36
IND-FL-0058,313,67.86,Red,2026-02-13 07:10
IND-FL-0059,218,56.41,Red,2026-02-15 22:18
IND-FL-0060,33,19.56,Red,2026-02-15 14:59
IND-FL-0061,348,39.74,Green,2026-02-15 00:41
IND-FL-0062,145,13.24,Green,2026-02-14 14:11
IND-FL-0063,51,57.29,Yellow,2026-02-14 05:21
IND-FL-0064,369,41.46,Yellow,2026-02-14 19:46
IND-FL-0065,342,75.69,Green,2026-02-16 02:06
IND-FL-0066,436,29.12,Yellow,2026-02-15 00:24
IND-FL-0067,252,53.79,Green,2026-02-12 06:09
IND-FL-0068,171,72.64,Red,2026-02-12 03:49
IND-FL-0069,336,76.23,Green,2026-02-16 03:10
IND-FL-0070,258,43.04,Yellow,2026-02-11 02:15
IND-FL-0071,190,14.54,Red,2026-02-13 23:14
IND-FL-0072,269,49.44,Green,2026-02-14 22:52
IND-FL-0073,180,60.6,Yellow,2026-02-17 12:18
IND-FL-0074,201,53.94,Green,2026-02-17 14:02
IND-FL-0075,147,65.8,Red,2026-02-13 02:12
IND-FL-0076,370,25.47,Yellow,2026-02-13 14:39
IND-FL-0077,428,26.56,Green,2026-02-16 05:29
IND-FL-0078,325,50.79,Red,2026-02-17 06:33
IND-FL-0079,283,50.96,Red,2026-02-13 02:54
IND-FL-0080,431,54.38,Yellow,2026-02-14 13:02
IND-FL-0081,133,71.68,Red,2026-02-15 10:06
IND-FL-0082,104,69.34,Green,2026-02-14 16:30
IND-FL-0083,367,42.02,Yellow,2026-02-16 06:47
IND-FL-0084,168,48.9,Red,2026-02-11 14:01
IND-FL-0085,82,78.33,Green,2026-02-17 18:16
IND-FL-0086,66,41.62,Yellow,2026-02-10 23:03
IND-FL-0087,434,45.12,Yellow,2026-02-13 22:56
IND-FL-0088,190,67.77,Yellow,2026-02-15 08:25
IND-FL-0089,450,61.53,Red,2026-02-14 18:41
IND-FL-0090,6,62.8,Green,2026-02-11 05:24
IND-FL-0091,298,22.4,Green,2026-02-13 17:50
IND-FL-0092,255,63.84,Yellow,2026-02-16 12:59
IND-FL-0093,220,34.8,Red,2026-02-12 00:36
IND-FL-0094,5,31.81,Yellow,2026-02-11 22:46
IND-FL-0095,401,79.15,Red,2026-02-12 12:14
IND-FL-0096,382,44.3,Yellow,2026-02-15 18:51
IND-FL-0097,142,16.1,Green,2026-02-16 15:07
IND-FL-0098,180,60.24,Green,2026-02-12 16:22
IND-FL-0099,43,57.19,Green,2026-02-15 20:32
IND-FL-0100,195,31.12,Red,2026-02-11 06:45
IND-FL-0101,90,50.16,Green,2026-02-17 16:54
IND-FL-0102,264,49.33,Green,2026-02-12 10:46
IND-FL-0103,24,11.53,Yellow,2026-02-16 00:46
IND-FL-0104,162,77.56,Green,2026-02-13 01:57
IND-FL-0105,58,52.32,Green,2026-02-17 12:29
IND-FL-0106,256,29.1,Yellow,2026-02-16 08:08
IND-FL-0107,334,40.31,Green,2026-02-14 00:43
IND-FL-0108,259,26.99,Yellow,2026-02-12 19:03
IND-FL-0109,118,67.84,Green,2026-02-12 00:40
IND-FL-0110,64,36.12,Red,2026-02-13 20:35
IND-FL-0111,126,31.91,Red,2026-02-12 19:19
IND-FL-0112,321,18.75,Yellow,2026-02-16 04:04
IND-FL-0113,342,18.51,Green,2026-02-15 01:55
IND-FL-0114,65,66.96,Yellow,2026-02-15 19:34
IND-FL-0115,353,44.85,Green,2026-02-11 17:14
IND-FL-0116,259,20.62,Green,2026-02-11 09:27
IND-FL-0117,328,45.42,Green,2026-02-11 23:10
IND-FL-0118,326,45.18,Green,2026-02-15 15:20
IND-FL-0119,72,68.89,Red,2026-02-11 05:22
IND-FL-0120,435,44.58,Yellow,2026-02-16 21:32
IND-FL-0121,165,46.47,Green,2026-02-16 17:04
IND-FL-0122,310,39.19,Green,2026-02-16 21:05
IND-FL-0123,342,29.69,Green,2026-02-15 09:57
IND-FL-0124,385,21.65,Green,2026-02-17 16:00
IND-FL-0125,34,59.71,Yellow,2026-02-12 20:39
IND-FL-0126,148,47.49,Yellow,2026-02-12 03:39
IND-FL-0127,54,57.61,Green,2026-02-15 04:12
IND-FL-0128,147,57.42,Red,2026-02-12 04:22
IND-FL-0129,199,51.47,Green,2026-02-14 10:14
IND-FL-0130,404,63.35,Yellow,2026-02-14 18:39
IND-FL-0131,286,78.48,Green,2026-02-14 17:07
IND-FL-0132,445,10.24,Green,2026-02-16 08:49
IND-FL-0133,48,46.14,Green,2026-02-15 12:50
IND-FL-0134,105,36.56,Green,2026-02-11 14:27
IND-FL-0135,328,31.02,Green,2026-02-16 21:56
IND-FL-0136,103,21.94,Red,2026-02-10 20:32
IND-FL-0137,33,69.59,Green,2026-02-15 22:50
IND-FL-0138,394,37.93,Yellow,2026-02-13 12:05
IND-FL-0139,249,55.52,Green,2026-02-15 14:40
IND-FL-0140,338,54.45,Green,2026-02-13 14:42
IND-FL-0141,127,24.99,Yellow,2026-02-17 16:18
IND-FL-0142,270,31.99,Red,2026-02-16 02:55
IND-FL-0143,300,30.11,Yellow,2026-02-12 20:44
IND-FL-0144,422,26.61,Green,2026-02-13 13:25
IND-FL-0145,278,29.23,Green,2026-02-12 15:35
IND-FL-0146,27,69.56,Red,2026-02-10 21:05
IND-FL-0147,242,35.01,Yellow,2026-02-14 15:47
IND-FL-0148,402,73.84,Yellow,2026-02-13 15:15
IND-FL-0149,168,19.79,Red,2026-02-11 07:41
IND-FL-0150,175,55.58,Green,2026-02-16 11:10
IND-FL-0151,81,15.32,Green,2026-02-13 13:14
IND-FL-0152,218,64.44,Red,2026-02-11 00:19
IND-FL-0153,118,55.45,Green,2026-02-11 15:38
IND-FL-0154,348,79.42,Red,2026-02-16 18:10
IND-FL-0155,116,55.98,Green,2026-02-16 02:31
IND-FL-0156,105,10.48,Green,2026-02-11 19:10
IND-FL-0157,217,69.98,Green,2026-02-12 18:18
IND-FL-0158,82,55.35,Green,2026-02-17 15:24
IND-FL-0159,44,34.8,Green,2026-02-11 19:09
IND-FL-0160,36,39.56,Green,2026-02-11 01:42
IND-FL-0161,196,58.6,Red,2026-02-17 01:12
IND-FL-0162,407,50.54,Red,2026-02-14 01:48
IND-FL-0163,234,53.16,Yellow,2026-02-13 02:19
IND-FL-0164,442,36.4,Yellow,2026-02-12 06:05
IND-FL-0165,121,33.86,Yellow,2026-02-17 05:32
IND-FL-0166,29,41.56,Green,2026-02-15 06:33
IND-FL-0167,361,79.15,Green,2026-02-15 03:50
IND-FL-0168,318,24.68,Green,2026-02-11 06:29
IND-FL-0169,278,18.62,Yellow,2026-02-17 15:05
IND-FL-0170,165,25.68,Yellow,2026-02-16 05:12
IND-FL-0171,425,17.79,Yellow,2026-02-11 02:51
IND-FL-0172,26,39.83,Green,2026-02-13 17:46
IND-FL-0173,233,41.56,Yellow,2026-02-14 16:00
IND-FL-0174,348,17.77,Green,2026-02-15 08:38
IND-FL-0175,41,33.36,Green,2026-02-15 16:33
IND-FL-0176,378,60.72,Green,2026-02-10 20:31
IND-FL-0177,177,64.4,Green,2026-02-11 04:41
IND-FL-0178,94,42.48,Green,2026-02-16 08:37
IND-FL-0179,237,65.87,Yellow,2026-02-13 01:12
IND-FL-0180,378,12.42,Red,2026-02-13 02:18
IND-FL-0181,187,11.84,Green,2026-02-15 19:19
IND-FL-0182,59,34.82,Green,2026-02-11 14:32
IND-FL-0183,165,42.13,Red,2026-02-12 01:27
IND-FL-0184,50,18.71,Green,2026-02-14 04:59
IND-FL-0185,448,35.34,Green,2026-02-11 13:49
IND-FL-0186,69,46.04,Red,2026-02-11 06:13
IND-FL-0187,225,11.86,Green,2026-02-14 13:46
IND-FL-0188,241,51.2,Green,2026-02-12 22:02
IND-FL-0189,319,58.82,Green,2026-02-13 11:32
IND-FL-0190,268,54.51,Yellow,2026-02-16 13:11
IND-FL-0191,331,68.38,Green,2026-02-15 21:50
IND-FL-0192,402,76.89,Yellow,2026-02-13 09:35
IND-FL-0193,232,64.73,Green,2026-02-13 13:57
IND-FL-0194,366,76.29,Yellow,2026-02-11 10:33
IND-FL-0195,133,20.98,Red,2026-02-14 09:24
IND-FL-0196,241,73.99,Green,2026-02-13 04:21
IND-FL-0197,160,65.63,Green,2026-02-15 07:11
IND-FL-0198,362,76.15,Green,2026-02-14 15:19
IND-FL-0199,36,14.97,Yellow,2026-02-15 22:45
IND-FL-0200,110,50.85,Yellow,2026-02-15 08:19
IND-FL-0201,76,39.23,Red,2026-02-17 16:38
IND-FL-0202,408,16.4,Green,2026-02-16 22:56
IND-FL-0203,127,65.11,Yellow,2026-02-12 05:44
IND-FL-0204,266,69.53,Yellow,2026-02-11 12:23
IND-FL-0205,44,78.21,Green,2026-02-15 18:12
IND-FL-0206,270,44.19,Green,2026-02-15 11:07
IND-FL-0207,202,10.16,Red,2026-02-13 18:37
IND-FL-0208,87,57.84,Green,2026-02-16 22:40
IND-FL-0209,66,18.55,Red,2026-02-17 07:52
IND-FL-0210,133,30.61,Green,2026-02-12 22:21
IND-FL-0211,97,73.17,Yellow,2026-02-12 17:14
IND-FL-0212,216,64.68,Red,2026-02-15 20:16
IND-FL-0213,337,71.21,Red,2026-02-15 09:00
IND-FL-0214,301,44.01,Yellow,2026-02-12 22:57
IND-FL-0215,293,72.18,Green,2026-02-14 08:41
IND-FL-0216,304,37.98,Green,2026-02-11 17:13
IND-FL-0217,77,66.93,Yellow,2026-02-11 16:38
IND-FL-0218,441,78.44,Green,2026-02-14 22:02
IND-FL-0219,193,31.72,Red,2026-02-14 14:20
IND-FL-0220,315,67.18,Red,2026-02-14 05:05
IND-FL-0221,249,18.22,Green,2026-02-17 06:48
IND-FL-0222,271,52.13,Green,2026-02-13 21:38
IND-FL-0223,340,30.31,Red,2026-02-16 19:17
IND-FL-0224,168,54.72,Green,2026-02-15 22:52
IND-FL-0225,208,14.6,Yellow,2026-02-16 03:03
IND-FL-0226,221,36.65,Green,2026-02-11 17:28
IND-FL-0227,73,29.23,Green,2026-02-15 04:12
IND-FL-0228,210,27.88,Green,2026-02-10 23:57
IND-FL-0229,311,30.96,Red,2026-02-13 06:17
IND-FL-0230,106,36.06,Red,2026-02-11 16:59
IND-FL-0231,188,33.39,Green,2026-02-15 22:18
IND-FL-0232,296,25.05,Yellow,2026-02-12 13:38
IND-FL-0233,217,56.96,Green,2026-02-13 19:19
IND-FL-0234,245,50.12,Red,2026-02-11 02:59
IND-FL-0235,146,64.41,Green,2026-02-14 19:00
IND-FL-0236,233,26.8,Yellow,2026-02-14 00:20
IND-FL-0237,265,54.16,Green,2026-02-17 17:15
IND-FL-0238,123,73.78,Green,2026-02-17 04:16
IND-FL-0239,118,51.01,Green,2026-02-11 00:16
IND-FL-0240,123,14.03,Green,2026-02-12 16:40
IND-FL-0241,194,16.15,Green,2026-02-14 01:41
IND-FL-0242,40,13.55,Green,2026-02-13 14:34
IND-FL-0243,62,31.3,Red,2026-02-13 09:12
IND-FL-0244,71,18.01,Red,2026-02-12 23:44
IND-FL-0245,329,58.24,Green,2026-02-17 02:52
IND-FL-0246,115,13.01,Green,2026-02-13 15:46
IND-FL-0247,27,11.67,Red,2026-02-12 09:52
IND-FL-0248,19,15.67,Red,2026-02-16 15:06
IND-FL-0249,142,57.66,Red,2026-02-15 04:42
IND-FL-0250,345,36.19,Green,2026-02-17 05:57
IND-FL-0251,202,39.57,Red,2026-02-14 06:58
IND-FL-0252,334,64.18,Yellow,2026-02-17 01:59
IND-FL-0253,197,76.45,Green,2026-02-15 01:18
IND-FL-0254,167,53.14,Yellow,2026-02-15 17:02
IND-FL-0255,39,50.53,Red,2026-02-16 00:36
IND-FL-0256,302,17.02,Green,2026-02-13 08:34
IND-FL-0257,248,59.49,Green,2026-02-17 08:20
IND-FL-0258,93,28.61,Red,2026-02-17 10:49
IND-FL-0259,195,50.9,Green,2026-02-16 10:23
IND-FL-0260,63,19.68,Green,2026-02-16 00:16
IND-FL-0261,159,73.03,Green,2026-02-15 22:11
IND-FL-0262,331,38.04,Green,2026-02-12 08:56
IND-FL-0263,334,63.33,Green,2026-02-12 12:39
IND-FL-0264,72,72.22,Green,2026-02-14 21:56
IND-FL-0265,408,15.27,Green,2026-02-12 01:41
IND-FL-0266,20,46.25,Green,2026-02-17 15:13
IND-FL-0267,301,56.09,Red,2026-02-12 15:47
IND-FL-0268,207,35.83,Yellow,2026-02-12 08:40
IND-FL-0269,344,19.58,Green,2026-02-15 06:10
IND-FL-0270,357,66.82,Red,2026-02-12 02:24
IND-FL-0271,130,34.32,Green,2026-02-17 12:52
IND-FL-0272,98,74.69,Red,2026-02-14 19:24
IND-FL-0273,7,58.74,Green,2026-02-14 14:51
IND-FL-0274,252,19.13,Green,2026-02-16 15:12
IND-FL-0275,42,42.57,Yellow,2026-02-14 07:00
IND-FL-0276,159,38.59,Green,2026-02-11 13:31
IND-FL-0277,230,45.83,Green,2026-02-17 08:58
IND-FL-0278,364,21.45,Green,2026-02-13 10:39
IND-FL-0279,399,24.81,Green,2026-02-11 11:45
IND-FL-0280,217,33.16,Green,2026-02-15 03:26
IND-FL-0281,114,53.61,Red,2026-02-15 05:47
IND-FL-0282,157,34.52,Yellow,2026-02-13 13:06
IND-FL-0283,420,15.53,Green,2026-02-15 13:17
IND-FL-0284,321,67.32,Green,2026-02-14 13:00
IND-FL-0285,220,27.16,Green,2026-02-14 02:48
IND-FL-0286,310,76.47,Green,2026-02-16 20:49
IND-FL-0287,305,55.46,Red,2026-02-17 06:21
IND-FL-0288,212,42.32,Yellow,2026-02-17 03:20
IND-FL-0289,243,37.2,Green,2026-02-16 08:05
IND-FL-0290,51,26.2,Green,2026-02-12 09:28
IND-FL-0291,123,13.93,Green,2026-02-14 16:57
IND-FL-0292,220,74.3,Green,2026-02-14 01:15
IND-FL-0293,328,78.48,Yellow,2026-02-12 19:08
IND-FL-0294,352,69.26,Green,2026-02-13 23:33
IND-FL-0295,131,15.36,Green,2026-02-14 23:49
IND-FL-0296,350,51.34,Red,2026-02-15 00:48
IND-FL-0297,89,39.23,Green,2026-02-12 17:44
IND-FL-0298,370,67.75,Yellow,2026-02-14 21:22
IND-FL-0299,170,63.16,Green,2026-02-14 04:44
IND-FL-0300,395,31.44,Yellow,2026-02-16 15:18
IND-FL-0301,425,13.92,Green,2026-02-16 15:33
IND-FL-0302,313,29.72,Green,2026-02-12 05:09
IND-FL-0303,325,72.86,Red,2026-02-13 15:46
IND-FL-0304,283,51.59,Green,2026-02-14 04:54
IND-FL-0305,408,65.7,Green,2026-02-13 14:14
IND-FL-0306,43,40.33,Green,2026-02-10 21:19
IND-FL-0307,434,12.23,Green,2026-02-13 08:40
IND-FL-0308,374,76.35,Yellow,2026-02-11 16:27
IND-FL-0309,197,44.6,Yellow,2026-02-16 18:19
IND-FL-0310,373,62.24,Red,2026-02-15 02:21
IND-FL-0311,135,46.51,Green,2026-02-17 15:05
IND-FL-0312,347,76.19,Yellow,2026-02-17 11:51
IND-FL-0313,315,13.92,Yellow,2026-02-10 21:10
IND-FL-0314,188,76.3,Green,2026-02-14 07:01
IND-FL-0315,180,41.88,Green,2026-02-11 00:20
IND-FL-0316,346,10.81,Yellow,2026-02-15 06:45
IND-FL-0317,202,12.82,Red,2026-02-12 09:59
IND-FL-0318,360,61.62,Red,2026-02-14 20:29
IND-FL-0319,377,73.32,Green,2026-02-17 12:58
IND-FL-0320,348,52.47,Red,2026-02-11 18:18
IND-FL-0321,322,32.26,Green,2026-02-11 00:51
IND-FL-0322,164,40.03,Green,2026-02-16 14:18
IND-FL-0323,277,36.95,Green,2026-02-13 13:59
IND-FL-0324,286,17.73,Green,2026-02-12 07:35
IND-FL-0325,71,41.11,Green,2026-02-15 10:04
IND-FL-0326,177,53.16,Green,2026-02-17 01:33
IND-FL-0327,314,34.87,Red,2026-02-16 20:21
IND-FL-0328,335,22.6,Red,2026-02-14 03:44
IND-FL-0329,19,49.12,Green,2026-02-15 16:58
IND-FL-0330,366,15.25,Green,2026-02-12 23:39
IND-FL-0331,27,39.32,Green,2026-02-13 22:03
IND-FL-0332,303,45.68,Red,2026-02-16 20:37
IND-FL-0333,418,51.62,Green,2026-02-14 03:33
IND-FL-0334,242,14.17,Yellow,2026-02-12 05:21
IND-FL-0335,67,58.71,Green,2026-02-15 00:05
IND-FL-0336,145,21.59,Yellow,2026-02-11 01:58
IND-FL-0337,260,56.81,Yellow,2026-02-11 01:26
IND-FL-0338,241,35.32,Red,2026-02-14 15:12
IND-FL-0339,245,44.86,Green,2026-02-14 01:50
IND-FL-0340,440,41.95,Green,2026-02-13 19:29
IND-FL-0341,20,34.39,Green,2026-02-13 13:12
IND-FL-0342,400,69.59,Yellow,2026-02-11 22:22
IND-FL-0343,42,46.4,Yellow,2026-02-12 01:34
IND-FL-0344,412,76.84,Green,2026-02-11 01:48
IND-FL-0345,349,13.41,Yellow,2026-02-17 07:52
IND-FL-0346,351,65.39,Yellow,2026-02-14 17:25
IND-FL-0347,298,75.2,Green,2026-02-11 20:04
IND-FL-0348,427,77.63,Red,2026-02-11 17:23
IND-FL-0349,43,54.08,Yellow,2026-02-12 08:12
IND-FL-0350,318,28.29,Green,2026-02-16 15:32
IND-FL-0351,314,44.51,Red,2026-02-14 06:59
IND-FL-0352,181,10.02,Yellow,2026-02-14 17:40
IND-FL-0353,142,42.25,Yellow,2026-02-15 20:38
IND-FL-0354,133,12.19,Red,2026-02-14 07:58
IND-FL-0355,235,73.91,Green,2026-02-16 16:01
IND-FL-0356,383,14.46,Yellow,2026-02-13 16:01
IND-FL-0357,265,53.99,Green,2026-02-14 18:55
IND-FL-0358,128,38.01,Yellow,2026-02-12 05:12
IND-FL-0359,148,51.18,Red,2026-02-11 07:17
IND-FL-0360,183,61.3,Red,2026-02-12 03:56
IND-FL-0361,77,38.87,Green,2026-02-16 10:34
IND-FL-0362,378,31.48,Yellow,2026-02-12 05:45
IND-FL-0363,95,10.79,Green,2026-02-11 01:12
IND-FL-0364,370,61.93,Yellow,2026-02-14 07:53
IND-FL-0365,213,31.69,Red,2026-02-17 06:05
IND-FL-0366,289,64.88,Green,2026-02-16 03:17
IND-FL-0367,209,77.95,Green,2026-02-17 01:44
IND-FL-0368,421,26.35,Green,2026-02-14 07:04
IND-FL-0369,5,20.72,Green,2026-02-12 10:51
IND-FL-0370,280,15.32,Green,2026-02-12 01:18
IND-FL-0371,273,60.95,Red,2026-02-12 03:30
IND-FL-0372,311,38.74,Yellow,2026-02-12 08:22
IND-FL-0373,154,55.54,Green,2026-02-11 20:05
IND-FL-0374,70,69.56,Green,2026-02-15 23:48
IND-FL-0375,308,63.91,Green,2026-02-14 10:04
IND-FL-0376,50,63.44,Green,2026-02-14 04:17
IND-FL-0377,103,25.52,Yellow,2026-02-15 19:44
IND-FL-0378,173,34.97,Yellow,2026-02-17 04:54
IND-FL-0379,202,27.49,Yellow,2026-02-17 04:12
IND-FL-0380,174,10.74,Green,2026-02-17 08:33
IND-FL-0381,342,51.61,Red,2026-02-11 07:26
IND-FL-0382,9,50.65,Yellow,2026-02-16 06:36
IND-FL-0383,392,29.56,Green,2026-02-12 02:45
IND-FL-0384,160,30.5,Green,2026-02-14 14:58
IND-FL-0385,8,76.41,Red,2026-02-12 21:12
IND-FL-0386,180,23.78,Yellow,2026-02-16 18:50
IND-FL-0387,137,63.27,Green,2026-02-12 20:43
IND-FL-0388,72,65.46,Green,2026-02-14 18:19
IND-FL-0389,244,14.71,Green,2026-02-16 15:18
IND-FL-0390,429,40.1,Yellow,2026-02-13 08:16
IND-FL-0391,160,10.59,Green,2026-02-14 11:17
IND-FL-0392,199,58.2,Red,2026-02-13 19:41
IND-FL-0393,137,44.22,Green,2026-02-17 09:47
IND-FL-0394,23,50.98,Yellow,2026-02-12 12:56
IND-FL-0395,288,28.58,Yellow,2026-02-12 00:35
IND-FL-0396,352,16.38,Yellow,2026-02-12 01:01
IND-FL-0397,102,40.55,Green,2026-02-17 17:52
IND-FL-0398,77,51.2,Yellow,2026-02-14 16:42
IND-FL-0399,26,18.73,Green,2026-02-15 09:12
IND-FL-0400,358,74.26,Green,2026-02-11 00:10
IND-FL-0401,36,16.1,Green,2026-02-14 19:28
IND-FL-0402,328,17.43,Red,2026-02-17 18:02
IND-FL-0403,42,71.69,Red,2026-02-11 22:52
IND-FL-0404,395,58.8,Green,2026-02-15 12:28
IND-FL-0405,44,28.61,Yellow,2026-02-17 15:43
IND-FL-0406,251,67.07,Red,2026-02-14 12:50
IND-FL-0407,250,47.77,Yellow,2026-02-10 23:40
IND-FL-0408,332,20.73,Green,2026-02-17 08:14
IND-FL-0409,250,12.42,Green,2026-02-12 04:31
IND-FL-0410,60,47.79,Green,2026-02-13 19:48
IND-FL-0411,23,53.77,Yellow,2026-02-17 10:10
IND-FL-0412,231,52.36,Green,2026-02-11 19:02
IND-FL-0413,156,39.72,Red,2026-02-17 13:17
IND-FL-0414,275,38.27,Green,2026-02-17 14:44
IND-FL-0415,198,72.82,Green,2026-02-11 07:56
IND-FL-0416,7,58.21,Green,2026-02-15 11:52
IND-FL-0417,343,37.79,Green,2026-02-15 01:00
IND-FL-0418,157,11.43,Red,2026-02-14 22:00
IND-FL-0419,181,54.06,Red,2026-02-12 18:46
IND-FL-0420,298,54.96,Green,2026-02-17 04:32
IND-FL-0421,121,65.46,Red,2026-02-12 20:48
IND-FL-0422,378,11.53,Yellow,2026-02-15 19:02
IND-FL-0423,182,18.97,Red,2026-02-14 22:09
IND-FL-0424,22,20.17,Green,2026-02-14 10:26
IND-FL-0425,367,52.81,Yellow,2026-02-13 11:45
IND-FL-0426,450,41.15,Red,2026-02-15 17:29
IND-FL-0427,309,32.37,Yellow,2026-02-11 08:59
IND-FL-0428,375,10.14,Yellow,2026-02-17 13:39
IND-FL-0429,374,31.79,Red,2026-02-11 13:30
IND-FL-0430,182,67.47,Green,2026-02-10 20:08
IND-FL-0431,185,66.55,Red,2026-02-12 04:45
IND-FL-0432,134,35.34,Red,2026-02-11 21:27
IND-FL-0433,393,78.16,Yellow,2026-02-15 11:07
IND-FL-0434,96,37.37,Yellow,2026-02-16 07:28
IND-FL-0435,269,34.92,Green,2026-02-14 03:37
IND-FL-0436,296,53.18,Green,2026-02-14 01:21
IND-FL-0437,271,61.18,Green,2026-02-12 01:29
IND-FL-0438,305,31.41,Red,2026-02-16 03:32
IND-FL-0439,210,74.39,Yellow,2026-02-11 23:00
IND-FL-0440,217,13.09,Green,2026-02-13 19:45
IND-FL-0441,316,45.44,Green,2026-02-13 08:55
IND-FL-0442,446,23.21,Green,2026-02-13 14:03
IND-FL-0443,182,22.68,Green,2026-02-11 19:49
IND-FL-0444,88,20.56,Green,2026-02-12 04:57
IND-FL-0445,423,55.11,Red,2026-02-11 12:16
IND-FL-0446,49,46.38,Green,2026-02-16 10:56
IND-FL-0447,384,48.39,Green,2026-02-11 06:15
IND-FL-0448,276,58.46,Green,2026-02-12 13:22
IND-FL-0449,254,19.35,Red,2026-02-13 20:25
IND-FL-0450,140,10.1,Red,2026-02-15 15:52
IND-FL-0451,267,77.34,Red,2026-02-16 01:19
IND-FL-0452,148,73.61,Yellow,2026-02-17 14:12
IND-FL-0453,322,21.59,Red,2026-02-15 03:59
IND-FL-0454,7,21.1,Red,2026-02-11 08:46
IND-FL-0455,362,47.89,Yellow,2026-02-16 10:35
IND-FL-0456,28,63.91,Yellow,2026-02-12 03:07
IND-FL-0457,18,66.55,Green,2026-02-15 13:14
IND-FL-0458,272,22.64,Red,2026-02-17 14:45
IND-FL-0459,74,49.33,Green,2026-02-17 00:00
IND-FL-0460,135,16.67,Yellow,2026-02-13 05:19
IND-FL-0461,81,60.83,Red,2026-02-13 15:29
IND-FL-0462,315,62.08,Green,2026-02-14 11:08
IND-FL-0463,338,43.14,Green,2026-02-17 17:49
IND-FL-0464,132,72.48,Red,2026-02-12 09:51
IND-FL-0465,434,29.95,Red,2026-02-14 09:11
IND-FL-0466,226,77.55,Green,2026-02-11 19:56
IND-FL-0467,203,34.18,Yellow,2026-02-14 03:58
IND-FL-0468,377,37.63,Yellow,2026-02-13 02:39
IND-FL-0469,198,28.8,Red,2026-02-12 05:37
IND-FL-0470,194,42.4,Red,2026-02-11 03:04
IND-FL-0471,149,27.67,Green,2026-02-17 04:14
IND-FL-0472,310,72.3,Green,2026-02-12 15:29
IND-FL-0473,74,44.43,Green,2026-02-12 03:13
IND-FL-0474,117,38.97,Red,2026-02-15 08:14
IND-FL-0475,70,52.6,Red,2026-02-13 10:43
IND-FL-0476,183,48.95,Green,2026-02-14 05:08
IND-FL-0477,35,62.96,Red,2026-02-17 03:32
IND-FL-0478,339,37.91,Red,2026-02-16 06:25
IND-FL-0479,396,79.86,Red,2026-02-16 11:22
IND-FL-0480,115,49.24,Red,2026-02-13 08:23
IND-FL-0481,220,67.93,Red,2026-02-12 06:25
IND-FL-0482,153,48.48,Yellow,2026-02-13 00:45
IND-FL-0483,50,11.59,Green,2026-02-11 05:43
IND-FL-0484,397,71.29,Green,2026-02-13 22:31
IND-FL-0485,233,24.27,Green,2026-02-11 09:18
IND-FL-0486,437,33.85,Green,2026-02-14 14:40
IND-FL-0487,227,33.24,Yellow,2026-02-12 20:39
IND-FL-0488,157,26.26,Green,2026-02-15 06:29
IND-FL-0489,401,35.23,Yellow,2026-02-12 17:39
IND-FL-0490,176,56.56,Green,2026-02-15 17:27
IND-FL-0491,431,42.39,Green,2026-02-14 01:57
IND-FL-0492,337,60.73,Yellow,2026-02-16 09:08
IND-FL-0493,381,45.87,Red,2026-02-13 08:45
IND-FL-0494,409,59.41,Red,2026-02-13 15:35
IND-FL-0495,357,32.0,Red,2026-02-16 21:16
IND-FL-0496,200,11.71,Yellow,2026-02-12 10:12
IND-FL-0497,203,79.81,Yellow,2026-02-16 20:57
IND-FL-0498,8,44.21,Green,2026-02-17 04:45
IND-FL-0499,143,64.46,Green,2026-02-17 07:38
IND-FL-0500,353,20.94,Green,2026-02-11 03:01
IND-FL-0501,176,47.98,Green,2026-02-13 11:26
IND-FL-0502,404,73.39,Green,2026-02-17 00:37
IND-FL-0503,392,66.73,Yellow,2026-02-11 01:58
IND-FL-0504,114,62.17,Red,2026-02-13 12:13
IND-FL-0505,181,15.51,Green,2026-02-11 11:32
IND-FL-0506,230,12.6,Yellow,2026-02-14 20:20
IND-FL-0507,304,42.52,Red,2026-02-14 04:01
IND-FL-0508,266,60.07,Green,2026-02-14 18:51
IND-FL-0509,418,56.63,Green,2026-02-11 00:45
IND-FL-0510,416,76.21,Green,2026-02-11 03:01
IND-FL-0511,60,17.38,Red,2026-02-11 15:57
IND-FL-0512,369,44.91,Red,2026-02-11 13:39
IND-FL-0513,5,28.07,Green,2026-02-12 15:18
IND-FL-0514,314,58.35,Green,2026-02-13 03:25
IND-FL-0515,61,20.02,Green,2026-02-16 17:18
IND-FL-0516,72,26.2,Green,2026-02-14 08:51
IND-FL-0517,316,55.65,Green,2026-02-10 22:14
IND-FL-0518,163,26.72,Green,2026-02-14 06:48
IND-FL-0519,137,51.28,Green,2026-02-12 17:50
IND-FL-0520,347,59.56,Green,2026-02-13 20:16
IND-FL-0521,362,19.41,Green,2026-02-13 19:27
IND-FL-0522,34,41.81,Red,2026-02-13 23:17
IND-FL-0523,338,13.39,Yellow,2026-02-16 01:33
IND-FL-0524,380,29.92,Yellow,2026-02-15 19:55
IND-FL-0525,131,18.77,Green,2026-02-16 14:42
IND-FL-0526,175,78.12,Red,2026-02-13 11:16
IND-FL-0527,275,37.02,Yellow,2026-02-17 05:24
IND-FL-0528,248,26.08,Yellow,2026-02-11 01:22
IND-FL-0529,397,38.62,Yellow,2026-02-17 08:37
IND-FL-0530,64,23.64,Green,2026-02-12 17:43
IND-FL-0531,175,74.9,Yellow,2026-02-15 18:56
IND-FL-0532,249,20.3,Red,2026-02-14 20:18
IND-FL-0533,290,61.81,Green,2026-02-11 15:55
IND-FL-0534,260,13.77,Green,2026-02-10 22:05
IND-FL-0535,141,60.72,Green,2026-02-15 08:39
IND-FL-0536,354,16.13,Yellow,2026-02-14 13:16
IND-FL-0537,52,79.56,Yellow,2026-02-14 12:40
IND-FL-0538,310,45.42,Yellow,2026-02-11 13:26
IND-FL-0539,123,47.99,Yellow,2026-02-16 14:56
IND-FL-0540,106,25.84,Green,2026-02-15 22:12
IND-FL-0541,342,43.02,Green,2026-02-17 06:21
IND-FL-0542,153,53.69,Yellow,2026-02-12 21:56
IND-FL-0543,376,43.07,Red,2026-02-14 00:04
IND-FL-0544,333,22.72,Red,2026-02-12 21:39
IND-FL-0545,136,43.14,Green,2026-02-13 22:49
IND-FL-0546,233,76.82,Green,2026-02-13 10:44
IND-FL-0547,289,48.36,Yellow,2026-02-13 05:28
IND-FL-0548,150,52.1,Yellow,2026-02-14 04:48
IND-FL-0549,368,38.41,Green,2026-02-11 05:08
IND-FL-0550,318,64.44,Yellow,2026-02-17 16:35
IND-FL-0551,275,46.79,Green,2026-02-15 03:18
IND-FL-0552,109,68.37,Green,2026-02-11 09:56
IND-FL-0553,214,17.78,Red,2026-02-11 11:01
IND-FL-0554,126,39.47,Yellow,2026-02-11 02:47
IND-FL-0555,278,26.18,Green,2026-02-11 23:04
IND-FL-0556,109,46.09,Green,2026-02-16 05:14
IND-FL-0557,371,29.46,Yellow,2026-02-17 05:16
IND-FL-0558,214,75.68,Green,2026-02-15 13:43
IND-FL-0559,184,48.87,Yellow,2026-02-16 05:36
IND-FL-0560,281,11.29,Green,2026-02-14 05:20
IND-FL-0561,64,23.67,Red,2026-02-16 21:08
IND-FL-0562,424,79.19,Green,2026-02-14 05:57
IND-FL-0563,6,32.79,Red,2026-02-16 00:26
IND-FL-0564,391,66.61,Yellow,2026-02-15 10:28
IND-FL-0565,62,68.45,Green,2026-02-12 05:21
IND-FL-0566,440,79.58,Yellow,2026-02-15 23:59
IND-FL-0567,401,37.23,Green,2026-02-11 13:55
IND-FL-0568,33,68.39,Green,2026-02-11 12:47
IND-FL-0569,126,11.66,Green,2026-02-16 16:35
IND-FL-0570,50,11.97,Green,2026-02-16 07:37
IND-FL-0571,260,23.7,Red,2026-02-16 08:18
IND-FL-0572,118,36.15,Red,2026-02-11 16:12
IND-FL-0573,278,16.15,Yellow,2026-02-11 18:10
IND-FL-0574,230,65.04,Green,2026-02-17 07:59
IND-FL-0575,383,79.19,Yellow,2026-02-15 06:40
IND-FL-0576,65,55.51,Green,2026-02-13 07:26
IND-FL-0577,403,10.75,Green,2026-02-13 22:29
IND-FL-0578,287,77.31,Green,2026-02-14 16:21
IND-FL-0579,294,35.43,Green,2026-02-16 04:19
IND-FL-0580,71,33.37,Red,2026-02-13 17:53
IND-FL-0581,318,37.7,Green,2026-02-13 10:05
IND-FL-0582,259,50.34,Yellow,2026-02-17 16:34
IND-FL-0583,410,36.62,Green,2026-02-11 03:58
IND-FL-0584,165,40.11,Yellow,2026-02-11 07:17
IND-FL-0585,82,10.68,Green,2026-02-14 18:07
IND-FL-0586,90,12.79,Yellow,2026-02-11 21:52
IND-FL-0587,421,72.08,Green,2026-02-15 15:49
IND-FL-0588,134,77.57,Green,2026-02-13 19:23
IND-FL-0589,319,13.83,Red,2026-02-11 20:58
IND-FL-0590,155,78.75,Yellow,2026-02-15 09:51
IND-FL-0591,363,61.35,Yellow,2026-02-11 08:04
IND-FL-0592,214,36.72,Red,2026-02-11 18:04
IND-FL-0593,29,59.53,Red,2026-02-13 02:51
IND-FL-0594,225,68.59,Red,2026-02-14 12:27
IND-FL-0595,133,20.55,Green,2026-02-16 09:46
IND-FL-0596,309,68.29,Red,2026-02-10 23:06
IND-FL-0597,250,69.49,Green,2026-02-14 01:00
IND-FL-0598,189,78.82,Red,2026-02-13 03:33
IND-FL-0599,419,73.29,Green,2026-02-12 15:37
IND-FL-0600,273,69.12,Red,2026-02-14 14:15
IND-FL-0601,65,66.92,Green,2026-02-14 11:17
IND-FL-0602,162,50.21,Green,2026-02-14 17:35
IND-FL-0603,86,73.22,Green,2026-02-13 01:03
IND-FL-0604,190,39.99,Yellow,2026-02-12 12:42
IND-FL-0605,210,63.59,Yellow,2026-02-14 07:59
IND-FL-0606,405,62.81,Red,2026-02-16 13:21
IND-FL-0607,66,10.01,Yellow,2026-02-11 17:22
IND-FL-0608,235,35.37,Yellow,2026-02-13 04:16
IND-FL-0609,55,43.48,Green,2026-02-16 20:13
IND-FL-0610,288,59.05,Red,2026-02-13 06:35
IND-FL-0611,246,22.31,Yellow,2026-02-10 21:57
IND-FL-0612,193,75.32,Yellow,2026-02-15 06:24
IND-FL-0613,197,51.0,Red,2026-02-12 15:39
IND-FL-0614,346,54.09,Green,2026-02-12 14:56
IND-FL-0615,62,75.29,Yellow,2026-02-17 17:43
IND-FL-0616,239,66.01,Green,2026-02-16 17:33
IND-FL-0617,413,49.38,Green,2026-02-15 03:14
IND-FL-0618,399,64.86,Green,2026-02-15 06:23
IND-FL-0619,302,52.4,Green,2026-02-10 21:23
IND-FL-0620,183,77.47,Yellow,2026-02-17 15:45
IND-FL-0621,374,75.97,Green,2026-02-17 13:00
IND-FL-0622,33,75.77,Red,2026-02-17 15:29
IND-FL-0623,442,69.44,Green,2026-02-14 23:10
IND-FL-0624,39,27.0,Red,2026-02-12 17:54
IND-FL-0625,127,54.53,Yellow,2026-02-10 22:46
IND-FL-0626,427,13.53,Green,2026-02-16 16:55
IND-FL-0627,205,20.31,Green,2026-02-15 03:09
IND-FL-0628,172,49.46,Green,2026-02-16 07:18
IND-FL-0629,99,67.94,Red,2026-02-11 19:59
IND-FL-0630,52,27.81,Green,2026-02-12 07:32
IND-FL-0631,438,17.14,Yellow,2026-02-11 14:05
IND-FL-0632,54,21.7,Yellow,2026-02-11 04:51
IND-FL-0633,178,33.57,Green,2026-02-12 09:42
IND-FL-0634,410,37.08,Yellow,2026-02-11 09:19
IND-FL-0635,181,25.43,Red,2026-02-12 17:10
IND-FL-0636,347,40.86,Red,2026-02-16 09:35
IND-FL-0637,377,31.17,Green,2026-02-11 09:03
IND-FL-0638,216,23.49,Red,2026-02-15 05:11
IND-FL-0639,224,64.97,Green,2026-02-14 02:31
IND-FL-0640,81,55.86,Red,2026-02-15 10:37
IND-FL-0641,390,55.32,Green,2026-02-16 15:14
IND-FL-0642,418,17.73,Red,2026-02-14 09:25
IND-FL-0643,249,23.47,Green,2026-02-11 19:11
IND-FL-0644,55,38.51,Green,2026-02-14 04:40
IND-FL-0645,217,60.58,Green,2026-02-15 14:12
IND-FL-0646,83,50.99,Green,2026-02-12 17:54
IND-FL-0647,379,23.87,Red,2026-02-11 14:46
IND-FL-0648,113,73.56,Green,2026-02-14 16:17
IND-FL-0649,97,21.08,Green,2026-02-10 23:47
IND-FL-0650,314,60.96,Yellow,2026-02-16 10:06
IND-FL-0651,171,37.72,Red,2026-02-14 11:18
IND-FL-0652,340,64.66,Green,2026-02-17 07:03
IND-FL-0653,347,38.18,Yellow,2026-02-16 11:00
IND-FL-0654,37,24.9,Yellow,2026-02-13 01:18
IND-FL-0655,125,24.82,Green,2026-02-15 05:13
IND-FL-0656,337,72.59,Yellow,2026-02-11 17:35
IND-FL-0657,78,72.79,Green,2026-02-14 23:18
IND-FL-0658,146,50.78,Yellow,2026-02-15 08:31
IND-FL-0659,50,12.12,Green,2026-02-15 21:48
IND-FL-0660,71,24.66,Green,2026-02-16 16:32
IND-FL-0661,315,46.3,Yellow,2026-02-12 00:46
IND-FL-0662,239,50.21,Yellow,2026-02-12 10:57
IND-FL-0663,23,55.96,Green,2026-02-16 15:33
IND-FL-0664,352,68.6,Red,2026-02-11 05:54
IND-FL-0665,187,33.45,Green,2026-02-10 22:03
IND-FL-0666,148,58.09,Yellow,2026-02-14 07:03
IND-FL-0667,183,15.16,Red,2026-02-11 06:53
IND-FL-0668,207,50.39,Yellow,2026-02-14 11:34
IND-FL-0669,199,34.16,Red,2026-02-17 15:00
IND-FL-0670,57,69.43,Green,2026-02-16 18:07
IND-FL-0671,196,55.44,Yellow,2026-02-17 06:32
IND-FL-0672,348,53.97,Yellow,2026-02-12 21:37
IND-FL-0673,254,16.25,Green,2026-02-17 08:46
IND-FL-0674,111,20.71,Green,2026-02-12 20:36
IND-FL-0675,96,26.59,Yellow,2026-02-15 02:44
IND-FL-0676,56,40.86,Red,2026-02-12 20:20
IND-FL-0677,261,48.33,Green,2026-02-14 07:46
IND-FL-0678,417,42.07,Green,2026-02-15 01:00
IND-FL-0679,261,15.12,Green,2026-02-11 14:19
IND-FL-0680,313,68.47,Red,2026-02-13 13:47
IND-FL-0681,207,28.13,Green,2026-02-16 10:46
IND-FL-0682,382,33.17,Yellow,2026-02-17 02:39
IND-FL-0683,381,66.71,Yellow,2026-02-15 17:31
IND-FL-0684,268,16.97,Green,2026-02-15 00:29
IND-FL-0685,184,16.24,Red,2026-02-12 05:34
IND-FL-0686,392,56.49,Green,2026-02-14 17:02
IND-FL-0687,368,59.94,Green,2026-02-17 10:12
IND-FL-0688,253,31.11,Green,2026-02-14 07:47
IND-FL-0689,415,35.1,Green,2026-02-12 08:53
IND-FL-0690,47,75.66,Green,2026-02-16 07:57
IND-FL-0691,325,11.13,Green,2026-02-12 11:19
IND-FL-0692,72,32.59,Red,2026-02-17 10:10
IND-FL-0693,303,47.38,Green,2026-02-12 03:27
IND-FL-0694,324,54.34,Green,2026-02-13 11:39
IND-FL-0695,410,24.21,Green,2026-02-17 03:39
IND-FL-0696,391,49.11,Green,2026-02-17 11:16
IND-FL-0697,48,45.02,Green,2026-02-14 10:17
IND-FL-0698,221,23.16,Green,2026-02-14 21:44
IND-FL-0699,182,77.17,Green,2026-02-14 06:52
IND-FL-0700,90,25.9,Green,2026-02-16 05:03
IND-FL-0701,156,77.8,Red,2026-02-12 15:03
IND-FL-0702,302,40.78,Green,2026-02-14 14:58
IND-FL-0703,154,32.92,Red,2026-02-10 23:09
IND-FL-0704,171,79.08,Yellow,2026-02-11 00:17
IND-FL-0705,22,54.49,Green,2026-02-17 07:46
IND-FL-0706,405,61.06,Yellow,2026-02-16 03:52
IND-FL-0707,216,77.63,Yellow,2026-02-15 14:15
IND-FL-0708,101,12.99,Green,2026-02-17 06:10
IND-FL-0709,444,48.63,Green,2026-02-12 05:08
IND-FL-0710,375,16.48,Red,2026-02-17 16:28
IND-FL-0711,174,68.38,Green,2026-02-11 08:25
IND-FL-0712,59,16.52,Green,2026-02-11 17:12
IND-FL-0713,218,31.08,Red,2026-02-12 13:38
IND-FL-0714,354,74.27,Green,2026-02-13 10:24
IND-FL-0715,145,65.62,Green,2026-02-13 03:41
IND-FL-0716,172,19.16,Green,2026-02-16 01:50
IND-FL-0717,248,36.49,Green,2026-02-11 05:25
IND-FL-0718,64,23.48,Green,2026-02-16 12:56
IND-FL-0719,96,19.94,Green,2026-02-17 13:05
IND-FL-0720,5,24.91,Green,2026-02-15 06:39
IND-FL-0721,365,22.51,Yellow,2026-02-13 19:57
IND-FL-0722,61,42.93,Yellow,2026-02-12 03:59
IND-FL-0723,109,10.79,Red,2026-02-15 23:16
IND-FL-0724,434,23.2,Green,2026-02-11 18:21
IND-FL-0725,399,67.1,Yellow,2026-02-11 09:01
IND-FL-0726,248,26.74,Yellow,2026-02-12 18:45
IND-FL-0727,131,75.81,Red,2026-02-11 07:41
IND-FL-0728,88,43.9,Green,2026-02-14 08:50
IND-FL-0729,159,30.85,Red,2026-02-12 02:53
IND-FL-0730,73,31.76,Green,2026-02-16 10:01
IND-FL-0731,296,47.28,Red,2026-02-13 17:58
IND-FL-0732,272,40.17,Green,2026-02-11 02:22
IND-FL-0733,304,36.27,Yellow,2026-02-16 05:15
IND-FL-0734,321,75.26,Green,2026-02-12 20:46
IND-FL-0735,193,31.36,Yellow,2026-02-17 13:26
IND-FL-0736,124,16.47,Red,2026-02-11 20:55
IND-FL-0737,220,21.98,Green,2026-02-13 01:08
IND-FL-0738,347,55.69,Yellow,2026-02-12 01:26
IND-FL-0739,285,16.66,Green,2026-02-16 16:28
IND-FL-0740,382,74.9,Yellow,2026-02-11 16:12
IND-FL-0741,180,78.79,Red,2026-02-16 11:07
IND-FL-0742,60,13.5,Green,2026-02-16 09:20
IND-FL-0743,279,35.92,Green,2026-02-17 14:22
IND-FL-0744,371,47.32,Green,2026-02-12 23:40
IND-FL-0745,287,68.05,Green,2026-02-17 14:14
IND-FL-0746,233,74.65,Yellow,2026-02-11 21:19
IND-FL-0747,292,28.96,Green,2026-02-17 09:48
IND-FL-0748,239,56.34,Green,2026-02-14 15:18
IND-FL-0749,45,65.14,Green,2026-02-15 19:01
IND-FL-0750,381,66.33,Green,2026-02-14 20:37
IND-FL-0751,12,55.66,Yellow,2026-02-16 19:46
IND-FL-0752,105,36.34,Yellow,2026-02-17 10:46
IND-FL-0753,38,14.56,Green,2026-02-11 22:10
IND-FL-0754,284,36.63,Green,2026-02-14 11:22
IND-FL-0755,443,35.42,Yellow,2026-02-16 22:40
IND-FL-0756,439,62.52,Red,2026-02-15 20:46
IND-FL-0757,42,65.96,Green,2026-02-13 11:35
IND-FL-0758,296,72.29,Green,2026-02-16 17:43
IND-FL-0759,235,29.13,Red,2026-02-16 00:37
IND-FL-0760,402,56.71,Green,2026-02-12 05:40
IND-FL-0761,267,31.31,Green,2026-02-15 22:56
IND-FL-0762,108,62.08,Red,2026-02-10 23:00
IND-FL-0763,100,55.93,Yellow,2026-02-13 04:43
IND-FL-0764,351,79.16,Red,2026-02-16 04:06
IND-FL-0765,25,18.8,Yellow,2026-02-17 13:43
IND-FL-0766,175,72.33,Red,2026-02-15 09:21
IND-FL-0767,222,29.56,Green,2026-02-14 20:53
IND-FL-0768,418,60.06,Yellow,2026-02-14 12:15
IND-FL-0769,290,42.42,Red,2026-02-17 17:49
IND-FL-0770,342,59.83,Yellow,2026-02-11 03:42
IND-FL-0771,259,39.18,Red,2026-02-14 18:49
IND-FL-0772,367,69.39,Yellow,2026-02-14 00:18
IND-FL-0773,58,38.93,Yellow,2026-02-15 01:08
IND-FL-0774,310,73.18,Green,2026-02-14 00:44
IND-FL-0775,141,77.19,Red,2026-02-12 09:17
IND-FL-0776,333,14.55,Green,2026-02-16 20:44
IND-FL-0777,119,50.53,Green,2026-02-11 19:17
IND-FL-0778,127,61.91,Green,2026-02-15 06:49
IND-FL-0779,313,25.11,Yellow,2026-02-16 08:09
IND-FL-0780,180,69.0,Yellow,2026-02-14 00:04
IND-FL-0781,152,48.13,Yellow,2026-02-15 14:26
IND-FL-0782,74,10.35,Yellow,2026-02-12 17:25
IND-FL-0783,286,17.61,Green,2026-02-13 07:16
IND-FL-0784,393,39.14,Red,2026-02-15 13:59
IND-FL-0785,69,55.18,Green,2026-02-15 05:20
IND-FL-0786,9,28.57,Green,2026-02-15 00:50
IND-FL-0787,430,63.65,Red,2026-02-11 08:58
IND-FL-0788,123,54.92,Red,2026-02-11 05:49
IND-FL-0789,226,59.56,Green,2026-02-14 02:45
IND-FL-0790,306,67.05,Yellow,2026-02-14 06:11
IND-FL-0791,225,16.52,Red,2026-02-13 17:11
IND-FL-0792,144,64.57,Red,2026-02-15 19:08
IND-FL-0793,174,61.41,Green,2026-02-17 04:07
IND-FL-0794,71,28.42,Green,2026-02-16 14:53
IND-FL-0795,314,51.04,Red,2026-02-14 10:11
IND-FL-0796,363,79.13,Yellow,2026-02-11 08:07
IND-FL-0797,63,45.09,Green,2026-02-17 12:41
IND-FL-0798,378,40.57,Yellow,2026-02-15 21:04
IND-FL-0799,52,34.72,Red,2026-02-16 10:47
IND-FL-0800,390,32.38,Yellow,2026-02-15 14:53
IND-FL-0801,197,76.92,Green,2026-02-11 10:00
IND-FL-0802,309,13.82,Green,2026-02-14 21:51
IND-FL-0803,50,20.01,Yellow,2026-02-11 04:52
IND-FL-0804,120,78.61,Red,2026-02-15 04:05
IND-FL-0805,94,31.74,Red,2026-02-11 15:54
IND-FL-0806,282,40.37,Yellow,2026-02-14 21:12
IND-FL-0807,163,37.34,Green,2026-02-11 02:50
IND-FL-0808,195,29.35,Green,2026-02-13 11:49
IND-FL-0809,102,55.17,Yellow,2026-02-13 15:49
IND-FL-0810,115,31.53,Yellow,2026-02-11 13:48
IND-FL-0811,232,75.54,Red,2026-02-17 14:48
IND-FL-0812,233,41.67,Red,2026-02-17 00:38
IND-FL-0813,96,42.96,Red,2026-02-13 01:29
IND-FL-0814,365,66.78,Yellow,2026-02-14 13:53
IND-FL-0815,405,47.88,Green,2026-02-13 23:47
IND-FL-0816,352,73.0,Yellow,2026-02-12 02:35
IND-FL-0817,242,69.76,Green,2026-02-17 08:47
IND-FL-0818,111,28.58,Yellow,2026-02-11 16:23
IND-FL-0819,20,60.71,Yellow,2026-02-14 07:24
IND-FL-0820,379,43.14,Red,2026-02-16 03:10
IND-FL-0821,120,12.65,Yellow,2026-02-14 12:16
IND-FL-0822,173,43.73,Yellow,2026-02-16 07:54
IND-FL-0823,20,40.6,Yellow,2026-02-14 20:00
IND-FL-0824,281,70.9,Green,2026-02-12 00:24
IND-FL-0825,325,20.73,Green,2026-02-10 20:47
IND-FL-0826,169,52.51,Yellow,2026-02-17 17:41
IND-FL-0827,69,33.75,Yellow,2026-02-16 09:41
IND-FL-0828,389,40.97,Yellow,2026-02-15 18:24
IND-FL-0829,102,35.81,Green,2026-02-13 23:18
IND-FL-0830,76,74.44,Green,2026-02-13 12:50
IND-FL-0831,402,74.0,Green,2026-02-14 19:39
IND-FL-0832,432,59.63,Yellow,2026-02-16 22:23
IND-FL-0833,240,58.16,Green,2026-02-15 11:59
IND-FL-0834,8,74.74,Red,2026-02-13 07:51
IND-FL-0835,115,58.21,Green,2026-02-10 22:36
IND-FL-0836,116,71.72,Green,2026-02-17 04:32
IND-FL-0837,361,69.35,Green,2026-02-14 09:45
IND-FL-0838,15,68.36,Green,2026-02-11 12:34
IND-FL-0839,136,52.75,Red,2026-02-16 16:32
IND-FL-0840,128,54.35,Yellow,2026-02-15 18:43
IND-FL-0841,141,48.18,Green,2026-02-16 07:44
IND-FL-0842,115,69.97,Yellow,2026-02-13 21:55
IND-FL-0843,318,71.53,Green,2026-02-14 09:51
IND-FL-0844,421,32.81,Green,2026-02-17 17:14
IND-FL-0845,260,10.48,Red,2026-02-13 20:08
IND-FL-0846,439,19.2,Yellow,2026-02-11 18:10
IND-FL-0847,88,25.94,Green,2026-02-12 07:10
IND-FL-0848,71,56.3,Green,2026-02-13 09:03
IND-FL-0849,60,49.01,Green,2026-02-12 09:15
IND-FL-0850,209,57.88,Red,2026-02-17 05:29
IND-FL-0851,366,10.73,Yellow,2026-02-14 12:33
IND-FL-0852,126,52.28,Yellow,2026-02-16 17:45
IND-FL-0853,316,61.94,Green,2026-02-10 23:17
IND-FL-0854,136,41.09,Red,2026-02-11 04:16
IND-FL-0855,374,60.94,Green,2026-02-13 07:25
IND-FL-0856,229,44.73,Green,2026-02-12 11:23
IND-FL-0857,230,74.26,Green,2026-02-11 01:00
IND-FL-0858,116,69.25,Yellow,2026-02-11 15:36
IND-FL-0859,246,15.29,Red,2026-02-16 08:56
IND-FL-0860,343,39.44,Red,2026-02-12 21:13
IND-FL-0861,170,21.77,Green,2026-02-12 23:47
IND-FL-0862,331,50.72,Green,2026-02-11 15:47
IND-FL-0863,278,10.42,Green,2026-02-12 04:02
IND-FL-0864,122,65.61,Red,2026-02-11 13:49
IND-FL-0865,53,50.26,Green,2026-02-15 15:41
IND-FL-0866,164,79.56,Green,2026-02-16 18:19
IND-FL-0867,147,41.78,Yellow,2026-02-16 10:04
IND-FL-0868,276,29.26,Green,2026-02-17 17:17
IND-FL-0869,336,67.11,Yellow,2026-02-16 19:43
IND-FL-0870,285,70.31,Green,2026-02-15 08:08
IND-FL-0871,153,10.38,Green,2026-02-13 23:42
IND-FL-0872,344,59.86,Green,2026-02-15 11:11
IND-FL-0873,171,72.8,Yellow,2026-02-17 07:29
IND-FL-0874,245,38.5,Yellow,2026-02-16 15:25
IND-FL-0875,380,56.7,Green,2026-02-15 21:31
IND-FL-0876,279,54.41,Red,2026-02-15 14:30
IND-FL-0877,263,78.02,Green,2026-02-15 11:03
IND-FL-0878,81,60.36,Green,2026-02-15 04:50
IND-FL-0879,163,78.98,Green,2026-02-13 07:45
IND-FL-0880,291,56.68,Yellow,2026-02-10 21:32
IND-FL-0881,355,17.05,Yellow,2026-02-15 06:59
IND-FL-0882,215,43.23,Green,2026-02-13 23:18
IND-FL-0883,295,64.46,Green,2026-02-17 07:29
IND-FL-0884,379,24.2,Green,2026-02-12 18:53
IND-FL-0885,229,19.81,Red,2026-02-15 19:47
IND-FL-0886,111,12.25,Green,2026-02-15 17:41
IND-FL-0887,253,75.23,Yellow,2026-02-15 11:49
IND-FL-0888,240,56.32,Green,2026-02-14 13:23
IND-FL-0889,354,45.33,Green,2026-02-10 21:10
IND-FL-0890,348,68.05,Red,2026-02-16 09:36
IND-FL-0891,144,53.25,Red,2026-02-14 16:01
IND-FL-0892,315,67.94,Red,2026-02-14 03:03
IND-FL-0893,22,75.34,Red,2026-02-12 23:29
IND-FL-0894,300,22.62,Red,2026-02-10 21:18
IND-FL-0895,269,60.92,Yellow,2026-02-13 05:51
IND-FL-0896,78,34.9,Green,2026-02-15 13:14
IND-FL-0897,227,48.1,Green,2026-02-13 20:11
IND-FL-0898,208,72.35,Green,2026-02-13 15:13
IND-FL-0899,155,77.37,Green,2026-02-17 07:52
IND-FL-0900,278,29.68,Yellow,2026-02-16 19:03
IND-FL-0901,92,63.53,Green,2026-02-17 07:23
IND-FL-0902,26,28.19,Green,2026-02-15 09:58
IND-FL-0903,109,32.89,Green,2026-02-11 15:36
IND-FL-0904,302,27.46,Green,2026-02-11 19:29
IND-FL-0905,235,26.82,Green,2026-02-17 11:02
IND-FL-0906,72,48.31,Red,2026-02-11 01:18
IND-FL-0907,392,17.05,Yellow,2026-02-11 12:14
IND-FL-0908,326,74.96,Green,2026-02-16 00:56
IND-FL-0909,266,63.92,Green,2026-02-14 15:14
IND-FL-0910,150,36.79,Red,2026-02-14 10:02
IND-FL-0911,354,18.82,Yellow,2026-02-17 10:37
IND-FL-0912,131,73.12,Green,2026-02-14 00:07
IND-FL-0913,25,66.94,Yellow,2026-02-13 15:20
IND-FL-0914,411,29.43,Green,2026-02-17 17:14
IND-FL-0915,279,69.74,Green,2026-02-14 19:23
IND-FL-0916,417,78.16,Green,2026-02-17 11:23
IND-FL-0917,239,33.85,Red,2026-02-17 08:02
IND-FL-0918,99,42.39,Yellow,2026-02-13 04:26
IND-FL-0919,283,45.49,Yellow,2026-02-16 01:42
IND-FL-0920,78,25.93,Green,2026-02-10 23:05
IND-FL-0921,132,71.79,Yellow,2026-02-15 17:34
IND-FL-0922,236,55.01,Yellow,2026-02-14 03:07
IND-FL-0923,110,67.32,Red,2026-02-12 05:17
IND-FL-0924,346,39.39,Red,2026-02-17 03:33
IND-FL-0925,9,33.73,Yellow,2026-02-11 19:06
IND-FL-0926,137,16.19,Red,2026-02-14 05:25
IND-FL-0927,192,51.85,Green,2026-02-14 05:08
IND-FL-0928,439,18.63,Green,2026-02-17 02:22
IND-FL-0929,406,79.12,Green,2026-02-14 23:31
IND-FL-0930,219,74.73,Red,2026-02-11 17:51
IND-FL-0931,350,74.64,Red,2026-02-14 17:58
IND-FL-0932,365,26.42,Yellow,2026-02-11 02:33
IND-FL-0933,174,57.59,Green,2026-02-13 09:11
IND-FL-0934,139,65.89,Green,2026-02-17 02:29
IND-FL-0935,195,71.22,Green,2026-02-15 10:29
IND-FL-0936,346,69.75,Green,2026-02-15 20:31
IND-FL-0937,297,10.73,Green,2026-02-16 07:53
IND-FL-0938,260,59.28,Red,2026-02-15 08:39
IND-FL-0939,133,53.04,Green,2026-02-11 19:50
IND-FL-0940,315,53.76,Red,2026-02-16 11:25
IND-FL-0941,369,28.28,Yellow,2026-02-15 11:08
IND-FL-0942,15,42.77,Yellow,2026-02-14 16:58
IND-FL-0943,406,49.37,Green,2026-02-14 09:52
IND-FL-0944,89,77.53,Green,2026-02-11 23:21
IND-FL-0945,416,20.83,Green,2026-02-13 00:44
IND-FL-0946,121,36.27,Green,2026-02-13 11:40
IND-FL-0947,440,13.15,Green,2026-02-11 21:45
IND-FL-0948,402,39.58,Green,2026-02-12 18:33
IND-FL-0949,398,52.85,Yellow,2026-02-16 02:39
IND-FL-0950,430,25.68,Green,2026-02-14 03:46
IND-FL-0951,177,29.72,Green,2026-02-14 20:17
IND-FL-0952,147,32.53,Yellow,2026-02-11 19:21
IND-FL-0953,138,74.18,Yellow,2026-02-15 10:48
IND-FL-0954,259,25.63,Green,2026-02-16 23:35
IND-FL-0955,429,36.76,Red,2026-02-15 12:10
IND-FL-0956,141,71.8,Red,2026-02-13 02:03
IND-FL-0957,186,24.16,Red,2026-02-16 20:15
IND-FL-0958,71,10.35,Green,2026-02-13 06:39
IND-FL-0959,153,74.89,Red,2026-02-13 08:11
IND-FL-0960,291,22.39,Yellow,2026-02-15 22:55
IND-FL-0961,197,39.46,Green,2026-02-13 21:13
IND-FL-0962,214,13.79,Green,2026-02-14 16:28
IND-FL-0963,185,54.96,Green,2026-02-13 08:17
IND-FL-0964,253,53.61,Green,2026-02-14 03:09
IND-FL-0965,266,47.1,Red,2026-02-13 19:45
IND-FL-0966,251,45.71,Red,2026-02-12 03:11
IND-FL-0967,132,39.6,Red,2026-02-17 08:49
IND-FL-0968,434,14.46,Red,2026-02-12 11:13
IND-FL-0969,72,67.2,Red,2026-02-12 23:22
IND-FL-0970,169,41.42,Green,2026-02-17 06:32
IND-FL-0971,361,25.73,Green,2026-02-16 04:07
IND-FL-0972,223,28.59,Red,2026-02-16 13:27
IND-FL-0973,220,59.37,Green,2026-02-12 11:24
IND-FL-0974,18,34.67,Yellow,2026-02-14 07:16
IND-FL-0975,51,10.83,Yellow,2026-02-17 18:24
IND-FL-0976,263,39.24,Green,2026-02-17 08:38
IND-FL-0977,89,80.0,Yellow,2026-02-12 21:07
IND-FL-0978,84,19.3,Green,2026-02-12 10:48
IND-FL-0979,175,72.68,Green,2026-02-11 21:21
IND-FL-0980,159,27.84,Red,2026-02-14 01:34
IND-FL-0981,351,56.63,Green,2026-02-12 14:36
IND-FL-0982,181,73.88,Red,2026-02-12 23:38
IND-FL-0983,319,27.62,Red,2026-02-15 04:05
IND-FL-0984,231,67.67,Red,2026-02-15 22:39
IND-FL-0985,328,77.96,Red,2026-02-16 05:42
IND-FL-0986,306,38.03,Green,2026-02-12 15:17
IND-FL-0987,298,49.83,Green,2026-02-12 16:01
IND-FL-0988,372,31.87,Red,2026-02-15 22:56
IND-FL-0989,278,20.83,Yellow,2026-02-15 01:32
IND-FL-0990,261,27.87,Green,2026-02-14 11:15
IND-FL-0991,69,21.52,Green,2026-02-14 04:52
IND-FL-0992,297,59.7,Green,2026-02-16 06:21
IND-FL-0993,250,34.95,Yellow,2026-02-11 15:28
IND-FL-0994,95,11.65,Red,2026-02-12 10:20
IND-FL-0995,305,57.59,Yellow,2026-02-11 23:49
IND-FL-0996,117,48.16,Yellow,2026-02-15 05:42
IND-FL-0997,364,13.56,Green,2026-02-14 00:24
IND-FL-0998,375,32.04,Green,2026-02-12 01:49
IND-FL-0999,35,53.35,Yellow,2026-02-14 11:21
